<?xml version="1.0" encoding="UTF-8"?><IUP_SPEC>
<ENTRIES>
<UNIQUE_NAME><![CDATA[Module~TST~]]></UNIQUE_NAME>
<TYPE><![CDATA[Module]]></TYPE>
<NAME><![CDATA[TST]]></NAME>
<USER/>
<DEPENDENT_LIST>
<DEPENDENT>
<DEPENDENT_UNIQUE><![CDATA[Infolet~MS_REG_TASK_STATUS_CHART~null]]></DEPENDENT_UNIQUE>
<DEPENDENT_ID><![CDATA[108070]]></DEPENDENT_ID>
<DEPENDENT_NAME><![CDATA[MS_REG_TASK_STATUS_CHART]]></DEPENDENT_NAME>
<DEPENDENT_USER><![CDATA[null]]></DEPENDENT_USER>
<DEPENDENT_TYPE><![CDATA[Infolet]]></DEPENDENT_TYPE>
</DEPENDENT>
</DEPENDENT_LIST>
</ENTRIES>
<PACKAGES>
<PACKAGE_NAME><![CDATA[SI_ALERT_SV]]></PACKAGE_NAME>
<PACKAGE_NAME><![CDATA[SI_APP_SV]]></PACKAGE_NAME>
<PACKAGE_NAME><![CDATA[SI_CALENDAR_SV]]></PACKAGE_NAME>
<PACKAGE_NAME><![CDATA[SI_COMMON_SV]]></PACKAGE_NAME>
<PACKAGE_NAME><![CDATA[SI_DASHBOARD_SV]]></PACKAGE_NAME>
<PACKAGE_NAME><![CDATA[SI_DB_LOCALE_SV]]></PACKAGE_NAME>
<PACKAGE_NAME><![CDATA[SI_EMS_SV]]></PACKAGE_NAME>
<PACKAGE_NAME><![CDATA[SI_ENT_SV]]></PACKAGE_NAME>
<PACKAGE_NAME><![CDATA[SI_I18N_SV]]></PACKAGE_NAME>
<PACKAGE_NAME><![CDATA[SI_IUP_SV]]></PACKAGE_NAME>
<PACKAGE_NAME><![CDATA[SI_LABELS_SV]]></PACKAGE_NAME>
<PACKAGE_NAME><![CDATA[SI_MESSAGE_SV]]></PACKAGE_NAME>
<PACKAGE_NAME><![CDATA[SI_METRIC_SV]]></PACKAGE_NAME>
<PACKAGE_NAME><![CDATA[SI_MULTIORG_SV]]></PACKAGE_NAME>
<PACKAGE_NAME><![CDATA[SI_REPORT_SV]]></PACKAGE_NAME>
<PACKAGE_NAME><![CDATA[SI_USER_SV]]></PACKAGE_NAME>
<PACKAGE_NAME><![CDATA[SI_UTILITIES_SV]]></PACKAGE_NAME>
<PACKAGE_NAME><![CDATA[SI_XML_SV]]></PACKAGE_NAME>
</PACKAGES>
<PRIVILEGES>
<PRIVILEGE_NAME><![CDATA[CREATE VIEW]]></PRIVILEGE_NAME>
<PRIVILEGE_NAME><![CDATA[CREATE TABLE]]></PRIVILEGE_NAME>
<PRIVILEGE_NAME><![CDATA[ALTER SESSION]]></PRIVILEGE_NAME>
<PRIVILEGE_NAME><![CDATA[CREATE SESSION]]></PRIVILEGE_NAME>
<PRIVILEGE_NAME><![CDATA[CREATE TYPE]]></PRIVILEGE_NAME>
<PRIVILEGE_NAME><![CDATA[CREATE SEQUENCE]]></PRIVILEGE_NAME>
<PRIVILEGE_NAME><![CDATA[CREATE PROCEDURE]]></PRIVILEGE_NAME>
<PRIVILEGE_NAME><![CDATA[CREATE TRIGGER]]></PRIVILEGE_NAME>
</PRIVILEGES>
<PLATFORM_DETAILS>
<PLATFORM_DB_VERSION><![CDATA[6.1]]></PLATFORM_DB_VERSION>
<PLATFORM_DB_BUILD><![CDATA[6.4.4.0]]></PLATFORM_DB_BUILD>
<PLATFORM_SYSTEMI_BUILD><![CDATA[1]]></PLATFORM_SYSTEMI_BUILD>
<DB_VERSION_CHANGEABLE><![CDATA[Y]]></DB_VERSION_CHANGEABLE>
<SYSTEMI_VERSION_CHANGEABLE><![CDATA[Y]]></SYSTEMI_VERSION_CHANGEABLE>
</PLATFORM_DETAILS>
</IUP_SPEC>
