<?xml version="1.0" encoding="UTF-8"?><INFOLET_SPEC xmlns="http://www.metricstream.com" xmlns:xsi="http://www.w3.org/2001/XMLSchema-instance" xsi:schemaLocation="http://www.metricstream.com ms_application_schema.xsd">
<PLATFORM_DETAILS>
<PLATFORM_VERSION>6.1</PLATFORM_VERSION>
<BUILD_VERSION>6.4.4.0</BUILD_VERSION>
</PLATFORM_DETAILS>
<INFOLET_TYPE>Java Class</INFOLET_TYPE>
<INFOLET_NAME>MS_REG_TASK_STATUS_CHART</INFOLET_NAME>
<OBJECT_ID><![CDATA[108070]]></OBJECT_ID>
<OUTPUT_TYPE>Ordinary Graph Infolet</OUTPUT_TYPE>
<CATEGORY>Assets</CATEGORY>
<DESCRIPTION>This infolet is for to Display the data in Task Status Chart</DESCRIPTION>
<START_DATE>09-JAN-2016</START_DATE>
<END_DATE/>
<HISTORY>Y</HISTORY>
<PARAMETERS>N</PARAMETERS>
<METRIC_RUN_MODE>On Request</METRIC_RUN_MODE>
<ARCHIVE_PERIOD_INTERVAL>1</ARCHIVE_PERIOD_INTERVAL>
<ARCHIVE_PERIOD_INTERVAL_TYPE>Days</ARCHIVE_PERIOD_INTERVAL_TYPE>
<APPLICATION_NAME/>
<METRIC_VALIDATED_FLAG>Y</METRIC_VALIDATED_FLAG>
<METRIC_READY_FLAG>Y</METRIC_READY_FLAG>
<METRIC_TYPE>
<!-- JAVA CLASS INFOLET -->
<JAVA_CLASS>
<INCREMENTAL_DATA>N</INCREMENTAL_DATA>
<XML><![CDATA[<?xml version="1.0"?><METRIC_DEPLOYMENT><METRIC   MODE="CLASS"     PROCESS="0"  INSTANCE="0"  NOTIFY="YES"   RETURN="RESULTSET" ><QUERY>getTaskChartResult</QUERY><LOCATION  TYPE="AGENT">Non SQL channel</LOCATION><LOCATION  TYPE="TARGET">com.metricstream.systemi.reg.infolet.MsRegTaskStatusChartInfolet</LOCATION><RESULTMAP  TYPE="ARRAYARRAY"></RESULTMAP></METRIC></METRIC_DEPLOYMENT>]]></XML>
<COMMENTS><![CDATA[Task vs Status chart]]></COMMENTS>
</JAVA_CLASS>
</METRIC_TYPE>
<INFOLET_FIELDS>
<COLUMN_NAME><![CDATA[DUE_KEY]]></COLUMN_NAME>
<COLUMN_SEQUENCE>6</COLUMN_SEQUENCE>
<RESULT_COLUMN_NAME>DUE_KEY</RESULT_COLUMN_NAME>
<COLUMN_TYPE>Varchar2</COLUMN_TYPE>
<USER_COLUMN_NAME><![CDATA[DUE_KEY]]></USER_COLUMN_NAME>
<AXIS_NUM>Y</AXIS_NUM>
<MASK_COLUMN_FLAG>N</MASK_COLUMN_FLAG>
<LOCALE_COLUMN_FLAG>N</LOCALE_COLUMN_FLAG>
<INCREMENTAL_KEY/>
<XML/>
<COMMENTS/>
</INFOLET_FIELDS>
<INFOLET_FIELDS>
<COLUMN_NAME><![CDATA[OVER_DUE_KEY]]></COLUMN_NAME>
<COLUMN_SEQUENCE>7</COLUMN_SEQUENCE>
<RESULT_COLUMN_NAME>OVER_DUE_KEY</RESULT_COLUMN_NAME>
<COLUMN_TYPE>Varchar2</COLUMN_TYPE>
<USER_COLUMN_NAME><![CDATA[OVER_DUE_KEY]]></USER_COLUMN_NAME>
<AXIS_NUM>Y</AXIS_NUM>
<MASK_COLUMN_FLAG>N</MASK_COLUMN_FLAG>
<LOCALE_COLUMN_FLAG>N</LOCALE_COLUMN_FLAG>
<INCREMENTAL_KEY/>
<XML/>
<COMMENTS/>
</INFOLET_FIELDS>
<INFOLET_FIELDS>
<COLUMN_NAME><![CDATA[DUMMY1]]></COLUMN_NAME>
<COLUMN_SEQUENCE>8</COLUMN_SEQUENCE>
<RESULT_COLUMN_NAME>DUMMY1</RESULT_COLUMN_NAME>
<COLUMN_TYPE>Varchar2</COLUMN_TYPE>
<USER_COLUMN_NAME><![CDATA[DUMMY1]]></USER_COLUMN_NAME>
<AXIS_NUM>Y</AXIS_NUM>
<MASK_COLUMN_FLAG>N</MASK_COLUMN_FLAG>
<LOCALE_COLUMN_FLAG>N</LOCALE_COLUMN_FLAG>
<INCREMENTAL_KEY/>
<XML/>
<COMMENTS/>
</INFOLET_FIELDS>
<INFOLET_FIELDS>
<COLUMN_NAME><![CDATA[DUMMY2]]></COLUMN_NAME>
<COLUMN_SEQUENCE>9</COLUMN_SEQUENCE>
<RESULT_COLUMN_NAME>DUMMY2</RESULT_COLUMN_NAME>
<COLUMN_TYPE>Varchar2</COLUMN_TYPE>
<USER_COLUMN_NAME><![CDATA[DUMMY2]]></USER_COLUMN_NAME>
<AXIS_NUM>Y</AXIS_NUM>
<MASK_COLUMN_FLAG>N</MASK_COLUMN_FLAG>
<LOCALE_COLUMN_FLAG>N</LOCALE_COLUMN_FLAG>
<INCREMENTAL_KEY/>
<XML/>
<COMMENTS/>
</INFOLET_FIELDS>
<INFOLET_FIELDS>
<COLUMN_NAME><![CDATA[STATUS_CODE]]></COLUMN_NAME>
<COLUMN_SEQUENCE>1</COLUMN_SEQUENCE>
<RESULT_COLUMN_NAME>STATUS_CODE</RESULT_COLUMN_NAME>
<COLUMN_TYPE>Varchar2</COLUMN_TYPE>
<USER_COLUMN_NAME><![CDATA[STATUS_CODE]]></USER_COLUMN_NAME>
<AXIS_NUM>Y</AXIS_NUM>
<MASK_COLUMN_FLAG>N</MASK_COLUMN_FLAG>
<LOCALE_COLUMN_FLAG>N</LOCALE_COLUMN_FLAG>
<INCREMENTAL_KEY/>
<XML/>
<COMMENTS/>
</INFOLET_FIELDS>
<INFOLET_FIELDS>
<COLUMN_NAME><![CDATA[STATUS_NAME]]></COLUMN_NAME>
<COLUMN_SEQUENCE>2</COLUMN_SEQUENCE>
<RESULT_COLUMN_NAME>STATUS_NAME</RESULT_COLUMN_NAME>
<COLUMN_TYPE>Varchar2</COLUMN_TYPE>
<USER_COLUMN_NAME><![CDATA[STATUS_NAME]]></USER_COLUMN_NAME>
<AXIS_NUM>Y</AXIS_NUM>
<MASK_COLUMN_FLAG>N</MASK_COLUMN_FLAG>
<LOCALE_COLUMN_FLAG>N</LOCALE_COLUMN_FLAG>
<INCREMENTAL_KEY/>
<XML/>
<COMMENTS/>
</INFOLET_FIELDS>
<INFOLET_FIELDS>
<COLUMN_NAME><![CDATA[DUE]]></COLUMN_NAME>
<COLUMN_SEQUENCE>3</COLUMN_SEQUENCE>
<RESULT_COLUMN_NAME>DUE</RESULT_COLUMN_NAME>
<COLUMN_TYPE>Number</COLUMN_TYPE>
<USER_COLUMN_NAME><![CDATA[DUE]]></USER_COLUMN_NAME>
<AXIS_NUM>Y</AXIS_NUM>
<MASK_COLUMN_FLAG>N</MASK_COLUMN_FLAG>
<LOCALE_COLUMN_FLAG>N</LOCALE_COLUMN_FLAG>
<INCREMENTAL_KEY/>
<XML/>
<COMMENTS/>
</INFOLET_FIELDS>
<INFOLET_FIELDS>
<COLUMN_NAME><![CDATA[OVER_DUE]]></COLUMN_NAME>
<COLUMN_SEQUENCE>4</COLUMN_SEQUENCE>
<RESULT_COLUMN_NAME>OVER_DUE</RESULT_COLUMN_NAME>
<COLUMN_TYPE>Number</COLUMN_TYPE>
<USER_COLUMN_NAME><![CDATA[OVER_DUE]]></USER_COLUMN_NAME>
<AXIS_NUM>Y</AXIS_NUM>
<MASK_COLUMN_FLAG>N</MASK_COLUMN_FLAG>
<LOCALE_COLUMN_FLAG>N</LOCALE_COLUMN_FLAG>
<INCREMENTAL_KEY/>
<XML/>
<COMMENTS/>
</INFOLET_FIELDS>
<INFOLET_FIELDS>
<COLUMN_NAME><![CDATA[TOTAL]]></COLUMN_NAME>
<COLUMN_SEQUENCE>5</COLUMN_SEQUENCE>
<RESULT_COLUMN_NAME>TOTAL</RESULT_COLUMN_NAME>
<COLUMN_TYPE>Number</COLUMN_TYPE>
<USER_COLUMN_NAME><![CDATA[TOTAL]]></USER_COLUMN_NAME>
<AXIS_NUM>Y</AXIS_NUM>
<MASK_COLUMN_FLAG>N</MASK_COLUMN_FLAG>
<LOCALE_COLUMN_FLAG>N</LOCALE_COLUMN_FLAG>
<INCREMENTAL_KEY/>
<XML/>
<COMMENTS/>
</INFOLET_FIELDS>
<METRIC_PARAMETER>
<PARAM_NAME>DUMMY1</PARAM_NAME>
<SEQUENCE_NUMBER>9</SEQUENCE_NUMBER>
<PARAM_TYPE_DEFAULT>
<DATA_TYPE>MS_VARCHAR</DATA_TYPE>
<DEFAULT_VALUE/>
</PARAM_TYPE_DEFAULT>
<PARAM_MODE>OUT</PARAM_MODE>
<SOURCE_INFO>
<SOURCE_INFOLET_NAME/>
<SOURCE_INFOLET_COLUMN/>
<SOURCE_DISPLAY_COLUMN/>
<LOV_TYPE>List of Values</LOV_TYPE>
</SOURCE_INFO>
<INCREMENTAL_KEY>N</INCREMENTAL_KEY>
<START_DATE>09-JAN-2016</START_DATE>
<END_DATE/>
<XML><![CDATA[<?xml version="1.0"?><METRIC_DEPLOYMENT><METRIC   MODE="CLASS"     PROCESS="0"  INSTANCE="0"  NOTIFY="YES"   RETURN="RESULTSET" ><QUERY>getTaskChartResult</QUERY><LOCATION  TYPE="AGENT">Non SQL channel</LOCATION><LOCATION  TYPE="TARGET">com.metricstream.systemi.reg.infolet.MsRegTaskStatusChartInfolet</LOCATION><RESULTMAP  TYPE="ARRAYARRAY"></RESULTMAP></METRIC></METRIC_DEPLOYMENT>]]></XML>
<COMMENTS><![CDATA[Task vs Status chart]]></COMMENTS>
<PARAM_DESC><![CDATA[DUMMY1]]></PARAM_DESC>
<PARAM_MANDATORY>N</PARAM_MANDATORY>
<DEPENDENCY_INFO/>
</METRIC_PARAMETER>
<METRIC_PARAMETER>
<PARAM_NAME>DUMMY2</PARAM_NAME>
<SEQUENCE_NUMBER>10</SEQUENCE_NUMBER>
<PARAM_TYPE_DEFAULT>
<DATA_TYPE>MS_VARCHAR</DATA_TYPE>
<DEFAULT_VALUE/>
</PARAM_TYPE_DEFAULT>
<PARAM_MODE>OUT</PARAM_MODE>
<SOURCE_INFO>
<SOURCE_INFOLET_NAME/>
<SOURCE_INFOLET_COLUMN/>
<SOURCE_DISPLAY_COLUMN/>
<LOV_TYPE>List of Values</LOV_TYPE>
</SOURCE_INFO>
<INCREMENTAL_KEY>N</INCREMENTAL_KEY>
<START_DATE>09-JAN-2016</START_DATE>
<END_DATE/>
<XML><![CDATA[<?xml version="1.0"?><METRIC_DEPLOYMENT><METRIC   MODE="CLASS"     PROCESS="0"  INSTANCE="0"  NOTIFY="YES"   RETURN="RESULTSET" ><QUERY>getTaskChartResult</QUERY><LOCATION  TYPE="AGENT">Non SQL channel</LOCATION><LOCATION  TYPE="TARGET">com.metricstream.systemi.reg.infolet.MsRegTaskStatusChartInfolet</LOCATION><RESULTMAP  TYPE="ARRAYARRAY"></RESULTMAP></METRIC></METRIC_DEPLOYMENT>]]></XML>
<COMMENTS><![CDATA[Task vs Status chart]]></COMMENTS>
<PARAM_DESC><![CDATA[DUMMY2]]></PARAM_DESC>
<PARAM_MANDATORY>N</PARAM_MANDATORY>
<DEPENDENCY_INFO/>
</METRIC_PARAMETER>
<METRIC_PARAMETER>
<PARAM_NAME>DUE</PARAM_NAME>
<SEQUENCE_NUMBER>4</SEQUENCE_NUMBER>
<PARAM_TYPE_DEFAULT>
<DATA_TYPE>MS_NUMBER</DATA_TYPE>
<DEFAULT_VALUE/>
</PARAM_TYPE_DEFAULT>
<PARAM_MODE>OUT</PARAM_MODE>
<SOURCE_INFO>
<SOURCE_INFOLET_NAME/>
<SOURCE_INFOLET_COLUMN/>
<SOURCE_DISPLAY_COLUMN/>
<LOV_TYPE>List of Values</LOV_TYPE>
</SOURCE_INFO>
<INCREMENTAL_KEY>N</INCREMENTAL_KEY>
<START_DATE>09-JAN-2016</START_DATE>
<END_DATE/>
<XML><![CDATA[<?xml version="1.0"?><METRIC_DEPLOYMENT><METRIC   MODE="CLASS"     PROCESS="0"  INSTANCE="0"  NOTIFY="YES"   RETURN="RESULTSET" ><QUERY>getTaskChartResult</QUERY><LOCATION  TYPE="AGENT">Non SQL channel</LOCATION><LOCATION  TYPE="TARGET">com.metricstream.systemi.reg.infolet.MsRegTaskStatusChartInfolet</LOCATION><RESULTMAP  TYPE="ARRAYARRAY"></RESULTMAP></METRIC></METRIC_DEPLOYMENT>]]></XML>
<COMMENTS><![CDATA[Task vs Status chart]]></COMMENTS>
<PARAM_DESC><![CDATA[Due]]></PARAM_DESC>
<PARAM_MANDATORY>N</PARAM_MANDATORY>
<DEPENDENCY_INFO/>
</METRIC_PARAMETER>
<METRIC_PARAMETER>
<PARAM_NAME>OVER_DUE</PARAM_NAME>
<SEQUENCE_NUMBER>5</SEQUENCE_NUMBER>
<PARAM_TYPE_DEFAULT>
<DATA_TYPE>MS_NUMBER</DATA_TYPE>
<DEFAULT_VALUE/>
</PARAM_TYPE_DEFAULT>
<PARAM_MODE>OUT</PARAM_MODE>
<SOURCE_INFO>
<SOURCE_INFOLET_NAME/>
<SOURCE_INFOLET_COLUMN/>
<SOURCE_DISPLAY_COLUMN/>
<LOV_TYPE>List of Values</LOV_TYPE>
</SOURCE_INFO>
<INCREMENTAL_KEY>N</INCREMENTAL_KEY>
<START_DATE>09-JAN-2016</START_DATE>
<END_DATE/>
<XML><![CDATA[<?xml version="1.0"?><METRIC_DEPLOYMENT><METRIC   MODE="CLASS"     PROCESS="0"  INSTANCE="0"  NOTIFY="YES"   RETURN="RESULTSET" ><QUERY>getTaskChartResult</QUERY><LOCATION  TYPE="AGENT">Non SQL channel</LOCATION><LOCATION  TYPE="TARGET">com.metricstream.systemi.reg.infolet.MsRegTaskStatusChartInfolet</LOCATION><RESULTMAP  TYPE="ARRAYARRAY"></RESULTMAP></METRIC></METRIC_DEPLOYMENT>]]></XML>
<COMMENTS><![CDATA[Task vs Status chart]]></COMMENTS>
<PARAM_DESC><![CDATA[Over Due]]></PARAM_DESC>
<PARAM_MANDATORY>N</PARAM_MANDATORY>
<DEPENDENCY_INFO/>
</METRIC_PARAMETER>
<METRIC_PARAMETER>
<PARAM_NAME>TOTAL</PARAM_NAME>
<SEQUENCE_NUMBER>6</SEQUENCE_NUMBER>
<PARAM_TYPE_DEFAULT>
<DATA_TYPE>MS_NUMBER</DATA_TYPE>
<DEFAULT_VALUE/>
</PARAM_TYPE_DEFAULT>
<PARAM_MODE>OUT</PARAM_MODE>
<SOURCE_INFO>
<SOURCE_INFOLET_NAME/>
<SOURCE_INFOLET_COLUMN/>
<SOURCE_DISPLAY_COLUMN/>
<LOV_TYPE>List of Values</LOV_TYPE>
</SOURCE_INFO>
<INCREMENTAL_KEY>N</INCREMENTAL_KEY>
<START_DATE>09-JAN-2016</START_DATE>
<END_DATE/>
<XML><![CDATA[<?xml version="1.0"?><METRIC_DEPLOYMENT><METRIC   MODE="CLASS"     PROCESS="0"  INSTANCE="0"  NOTIFY="YES"   RETURN="RESULTSET" ><QUERY>getTaskChartResult</QUERY><LOCATION  TYPE="AGENT">Non SQL channel</LOCATION><LOCATION  TYPE="TARGET">com.metricstream.systemi.reg.infolet.MsRegTaskStatusChartInfolet</LOCATION><RESULTMAP  TYPE="ARRAYARRAY"></RESULTMAP></METRIC></METRIC_DEPLOYMENT>]]></XML>
<COMMENTS><![CDATA[Task vs Status chart]]></COMMENTS>
<PARAM_DESC><![CDATA[Total]]></PARAM_DESC>
<PARAM_MANDATORY>N</PARAM_MANDATORY>
<DEPENDENCY_INFO/>
</METRIC_PARAMETER>
<METRIC_PARAMETER>
<PARAM_NAME>LOGIN_ID</PARAM_NAME>
<SEQUENCE_NUMBER>1</SEQUENCE_NUMBER>
<PARAM_TYPE_DEFAULT>
<DATA_TYPE>MS_VARCHAR</DATA_TYPE>
<DEFAULT_VALUE/>
</PARAM_TYPE_DEFAULT>
<PARAM_MODE>IN</PARAM_MODE>
<SOURCE_INFO>
<SOURCE_INFOLET_NAME>-4</SOURCE_INFOLET_NAME>
<SOURCE_INFOLET_COLUMN>-4</SOURCE_INFOLET_COLUMN>
<SOURCE_DISPLAY_COLUMN>-4</SOURCE_DISPLAY_COLUMN>
<LOV_TYPE>Profile Parameter</LOV_TYPE>
</SOURCE_INFO>
<INCREMENTAL_KEY>N</INCREMENTAL_KEY>
<START_DATE>09-JAN-2016</START_DATE>
<END_DATE/>
<XML/>
<COMMENTS/>
<PARAM_DESC><![CDATA[Login Id]]></PARAM_DESC>
<PARAM_MANDATORY>N</PARAM_MANDATORY>
<DEPENDENCY_INFO/>
<SI_LABELS_INFO>
<PAGE_TYPE>Infolet</PAGE_TYPE>
<KEY><![CDATA[LOGIN_ID]]></KEY>
<VALUE><![CDATA[LOGIN_ID]]></VALUE>
<DESCRIPTION><![CDATA[Login Id]]></DESCRIPTION>
<LOCALE_ID>1009</LOCALE_ID>
<LARGE_VALUE/>
<CREATED_BY>-1</CREATED_BY>
<CREATION_DATE>03-JUN-16</CREATION_DATE>
<LAST_UPDATED_BY/>
<LAST_UPDATE_DATE/>
<XML/>
<COMMENTS/>
</SI_LABELS_INFO>
</METRIC_PARAMETER>
<METRIC_PARAMETER>
<PARAM_NAME>STATUS_CODE</PARAM_NAME>
<SEQUENCE_NUMBER>2</SEQUENCE_NUMBER>
<PARAM_TYPE_DEFAULT>
<DATA_TYPE>MS_VARCHAR</DATA_TYPE>
<DEFAULT_VALUE/>
</PARAM_TYPE_DEFAULT>
<PARAM_MODE>OUT</PARAM_MODE>
<SOURCE_INFO>
<SOURCE_INFOLET_NAME/>
<SOURCE_INFOLET_COLUMN/>
<SOURCE_DISPLAY_COLUMN/>
<LOV_TYPE>List of Values</LOV_TYPE>
</SOURCE_INFO>
<INCREMENTAL_KEY>N</INCREMENTAL_KEY>
<START_DATE>09-JAN-2016</START_DATE>
<END_DATE/>
<XML><![CDATA[<?xml version="1.0"?><METRIC_DEPLOYMENT><METRIC   MODE="CLASS"     PROCESS="0"  INSTANCE="0"  NOTIFY="YES"   RETURN="RESULTSET" ><QUERY>getTaskChartResult</QUERY><LOCATION  TYPE="AGENT">Non SQL channel</LOCATION><LOCATION  TYPE="TARGET">com.metricstream.systemi.reg.infolet.MsRegTaskStatusChartInfolet</LOCATION><RESULTMAP  TYPE="ARRAYARRAY"></RESULTMAP></METRIC></METRIC_DEPLOYMENT>]]></XML>
<COMMENTS><![CDATA[Task vs Status chart]]></COMMENTS>
<PARAM_DESC><![CDATA[Status Code]]></PARAM_DESC>
<PARAM_MANDATORY>N</PARAM_MANDATORY>
<DEPENDENCY_INFO/>
</METRIC_PARAMETER>
<METRIC_PARAMETER>
<PARAM_NAME>STATUS_NAME</PARAM_NAME>
<SEQUENCE_NUMBER>3</SEQUENCE_NUMBER>
<PARAM_TYPE_DEFAULT>
<DATA_TYPE>MS_VARCHAR</DATA_TYPE>
<DEFAULT_VALUE/>
</PARAM_TYPE_DEFAULT>
<PARAM_MODE>OUT</PARAM_MODE>
<SOURCE_INFO>
<SOURCE_INFOLET_NAME/>
<SOURCE_INFOLET_COLUMN/>
<SOURCE_DISPLAY_COLUMN/>
<LOV_TYPE>List of Values</LOV_TYPE>
</SOURCE_INFO>
<INCREMENTAL_KEY>N</INCREMENTAL_KEY>
<START_DATE>09-JAN-2016</START_DATE>
<END_DATE/>
<XML><![CDATA[<?xml version="1.0"?><METRIC_DEPLOYMENT><METRIC   MODE="CLASS"     PROCESS="0"  INSTANCE="0"  NOTIFY="YES"   RETURN="RESULTSET" ><QUERY>getTaskChartResult</QUERY><LOCATION  TYPE="AGENT">Non SQL channel</LOCATION><LOCATION  TYPE="TARGET">com.metricstream.systemi.reg.infolet.MsRegTaskStatusChartInfolet</LOCATION><RESULTMAP  TYPE="ARRAYARRAY"></RESULTMAP></METRIC></METRIC_DEPLOYMENT>]]></XML>
<COMMENTS><![CDATA[Task vs Status chart]]></COMMENTS>
<PARAM_DESC><![CDATA[Status Name]]></PARAM_DESC>
<PARAM_MANDATORY>N</PARAM_MANDATORY>
<DEPENDENCY_INFO/>
</METRIC_PARAMETER>
<METRIC_PARAMETER>
<PARAM_NAME>DUE_KEY</PARAM_NAME>
<SEQUENCE_NUMBER>7</SEQUENCE_NUMBER>
<PARAM_TYPE_DEFAULT>
<DATA_TYPE>MS_VARCHAR</DATA_TYPE>
<DEFAULT_VALUE/>
</PARAM_TYPE_DEFAULT>
<PARAM_MODE>OUT</PARAM_MODE>
<SOURCE_INFO>
<SOURCE_INFOLET_NAME/>
<SOURCE_INFOLET_COLUMN/>
<SOURCE_DISPLAY_COLUMN/>
<LOV_TYPE>List of Values</LOV_TYPE>
</SOURCE_INFO>
<INCREMENTAL_KEY>N</INCREMENTAL_KEY>
<START_DATE>09-JAN-2016</START_DATE>
<END_DATE/>
<XML><![CDATA[<?xml version="1.0"?><METRIC_DEPLOYMENT><METRIC   MODE="CLASS"     PROCESS="0"  INSTANCE="0"  NOTIFY="YES"   RETURN="RESULTSET" ><QUERY>getTaskChartResult</QUERY><LOCATION  TYPE="AGENT">Non SQL channel</LOCATION><LOCATION  TYPE="TARGET">com.metricstream.systemi.reg.infolet.MsRegTaskStatusChartInfolet</LOCATION><RESULTMAP  TYPE="ARRAYARRAY"></RESULTMAP></METRIC></METRIC_DEPLOYMENT>]]></XML>
<COMMENTS><![CDATA[Task vs Status chart]]></COMMENTS>
<PARAM_DESC><![CDATA[Due Key]]></PARAM_DESC>
<PARAM_MANDATORY>N</PARAM_MANDATORY>
<DEPENDENCY_INFO/>
</METRIC_PARAMETER>
<METRIC_PARAMETER>
<PARAM_NAME>OVER_DUE_KEY</PARAM_NAME>
<SEQUENCE_NUMBER>8</SEQUENCE_NUMBER>
<PARAM_TYPE_DEFAULT>
<DATA_TYPE>MS_VARCHAR</DATA_TYPE>
<DEFAULT_VALUE/>
</PARAM_TYPE_DEFAULT>
<PARAM_MODE>OUT</PARAM_MODE>
<SOURCE_INFO>
<SOURCE_INFOLET_NAME/>
<SOURCE_INFOLET_COLUMN/>
<SOURCE_DISPLAY_COLUMN/>
<LOV_TYPE>List of Values</LOV_TYPE>
</SOURCE_INFO>
<INCREMENTAL_KEY>N</INCREMENTAL_KEY>
<START_DATE>09-JAN-2016</START_DATE>
<END_DATE/>
<XML><![CDATA[<?xml version="1.0"?><METRIC_DEPLOYMENT><METRIC   MODE="CLASS"     PROCESS="0"  INSTANCE="0"  NOTIFY="YES"   RETURN="RESULTSET" ><QUERY>getTaskChartResult</QUERY><LOCATION  TYPE="AGENT">Non SQL channel</LOCATION><LOCATION  TYPE="TARGET">com.metricstream.systemi.reg.infolet.MsRegTaskStatusChartInfolet</LOCATION><RESULTMAP  TYPE="ARRAYARRAY"></RESULTMAP></METRIC></METRIC_DEPLOYMENT>]]></XML>
<COMMENTS><![CDATA[Task vs Status chart]]></COMMENTS>
<PARAM_DESC><![CDATA[Over Due Key]]></PARAM_DESC>
<PARAM_MANDATORY>N</PARAM_MANDATORY>
<DEPENDENCY_INFO/>
</METRIC_PARAMETER>
</INFOLET_SPEC>
